[
    {
        "heur_id": 1,
        "strategy": "Take The Best",
        "img": "icon_MI_512.jpg",
        "title": "TTB No.8",
        "date": "22.06.2015, 12:45",
        "username": "Lael Schooler",
        "size_cues": "3",
        "usage_users": "5",
        "usage_datasets": "2",
        "description": "Take Alii dicam libris nam id, ut his denique dissentias. Eam an quis odio disputationi. Primis nemore consequat mea et, mei ad populo legendos. At aeque legere eos, qui ut movet corpora perfecto. Id ius wisi nonumy, vim no movet persequeris."
    },
    {
        "heur_id": 2,
        "strategy": "Tallying",
        "img": "icon_FFT_2.jpg",
        "title": "My Tallying",
        "date": "04.10.2015, 12:45",
        "username": "Evaldas Jablonskis",
        "size_cues": "2",
        "usage_users": "1",
        "usage_datasets": "1",
        "description": "Tallyy Alii dicam libris nam id, ut his denique dissentias. Eam an quis odio disputationi. Primis nemore consequat mea et, mei ad populo legendos. At aeque legere eos, qui ut movet corpora perfecto. Id ius wisi nonumy, vim no movet persequeris."
    }
]
