[
    {
        "tree_id": 1,
        "img": "icon_FFT_512.jpg",
        "title": "Best FFT of the Day",
        "date": "02.10.2015, 12:45",
        "username": "Evaldas Jablonskis",
        "size_cues": "3",
        "usage_users": "3",
        "usage_datasets": "2",
        "description": "Alii dicam libris nam id, ut his denique dissentias. Eam an quis odio disputationi. Primis nemore consequat mea et, mei ad populo legendos. At aeque legere eos, qui ut movet corpora perfecto. Id ius wisi nonumy, vim no movet persequeris."
    },
    {
        "tree_id": 2,
        "img": "icon_FFT_2.jpg",
        "title": "Newbie FFT",
        "date": "04.10.2015, 12:45",
        "username": "Evaldas Jablonskis",
        "size_cues": "2",
        "usage_users": "1",
        "usage_datasets": "1",
        "description": "Alii dicam libris nam id, ut his denique dissentias. Eam an quis odio disputationi. Primis nemore consequat mea et, mei ad populo legendos. At aeque legere eos, qui ut movet corpora perfecto. Id ius wisi nonumy, vim no movet persequeris."
    }
]
